timestamp,EAR,blink_detected,eye_state
2025-01-01 10:00:00,0.194,0,open
2025-01-01 10:00:01,0.329,0,squint
2025-01-01 10:00:02,0.153,0,open
2025-01-01 10:00:03,0.279,0,open
2025-01-01 10:00:04,0.21,0,squint
2025-01-01 10:00:05,0.192,0,open
2025-01-01 10:00:06,0.292,0,open
2025-01-01 10:00:07,0.339,0,closed
2025-01-01 10:00:08,0.273,0,closed
2025-01-01 10:00:09,0.269,0,squint
2025-01-01 10:00:10,0.304,0,open
2025-01-01 10:00:11,0.17,0,open
2025-01-01 10:00:12,0.185,0,open
2025-01-01 10:00:13,0.324,0,open
2025-01-01 10:00:14,0.171,1,closed
2025-01-01 10:00:15,0.288,0,open
2025-01-01 10:00:16,0.203,0,closed
2025-01-01 10:00:17,0.313,1,closed
2025-01-01 10:00:18,0.18,0,open
2025-01-01 10:00:19,0.343,1,open
2025-01-01 10:00:20,0.276,0,open
2025-01-01 10:00:21,0.167,0,open
2025-01-01 10:00:22,0.251,0,closed
2025-01-01 10:00:23,0.325,0,open
2025-01-01 10:00:24,0.343,0,open
2025-01-01 10:00:25,0.25,0,open
2025-01-01 10:00:26,0.165,0,open
2025-01-01 10:00:27,0.16,1,closed
2025-01-01 10:00:28,0.201,0,open
2025-01-01 10:00:29,0.166,0,open
2025-01-01 10:00:30,0.222,0,open
2025-01-01 10:00:31,0.302,0,open
2025-01-01 10:00:32,0.248,0,closed
2025-01-01 10:00:33,0.25,0,open
2025-01-01 10:00:34,0.328,0,open
2025-01-01 10:00:35,0.277,0,open
2025-01-01 10:00:36,0.305,0,open
2025-01-01 10:00:37,0.258,0,closed
2025-01-01 10:00:38,0.177,0,open
2025-01-01 10:00:39,0.324,0,closed
2025-01-01 10:00:40,0.311,0,open
2025-01-01 10:00:41,0.241,0,open
2025-01-01 10:00:42,0.18,0,open
2025-01-01 10:00:43,0.198,0,open
2025-01-01 10:00:44,0.276,0,closed
2025-01-01 10:00:45,0.332,0,closed
2025-01-01 10:00:46,0.281,0,closed
2025-01-01 10:00:47,0.307,0,open
2025-01-01 10:00:48,0.269,0,open
2025-01-01 10:00:49,0.243,1,closed
2025-01-01 10:00:50,0.3,0,open
2025-01-01 10:00:51,0.153,0,closed
2025-01-01 10:00:52,0.214,0,open
2025-01-01 10:00:53,0.312,0,open
2025-01-01 10:00:54,0.255,0,open
2025-01-01 10:00:55,0.184,0,open
2025-01-01 10:00:56,0.221,0,open
2025-01-01 10:00:57,0.227,0,open
2025-01-01 10:00:58,0.318,0,open
2025-01-01 10:00:59,0.162,0,open
2025-01-01 10:01:00,0.34,0,open
2025-01-01 10:01:01,0.294,0,open
2025-01-01 10:01:02,0.173,0,open
2025-01-01 10:01:03,0.191,0,open
2025-01-01 10:01:04,0.176,0,open
2025-01-01 10:01:05,0.235,0,closed
2025-01-01 10:01:06,0.218,0,open
2025-01-01 10:01:07,0.28,0,open
2025-01-01 10:01:08,0.237,0,open
2025-01-01 10:01:09,0.314,0,open
2025-01-01 10:01:10,0.273,0,squint
2025-01-01 10:01:11,0.173,1,open
2025-01-01 10:01:12,0.211,1,open
2025-01-01 10:01:13,0.249,1,squint
2025-01-01 10:01:14,0.169,0,open
2025-01-01 10:01:15,0.338,0,closed
2025-01-01 10:01:16,0.166,0,open
2025-01-01 10:01:17,0.23,0,open
2025-01-01 10:01:18,0.318,0,open
2025-01-01 10:01:19,0.207,0,open
2025-01-01 10:01:20,0.348,0,closed
2025-01-01 10:01:21,0.279,0,open
2025-01-01 10:01:22,0.287,0,open
2025-01-01 10:01:23,0.295,0,open
2025-01-01 10:01:24,0.278,0,open
2025-01-01 10:01:25,0.333,0,open
2025-01-01 10:01:26,0.224,0,open
2025-01-01 10:01:27,0.272,0,open
2025-01-01 10:01:28,0.179,0,open
2025-01-01 10:01:29,0.308,0,open
2025-01-01 10:01:30,0.274,0,open
2025-01-01 10:01:31,0.276,0,open
2025-01-01 10:01:32,0.215,0,open
2025-01-01 10:01:33,0.25,0,closed
2025-01-01 10:01:34,0.191,0,open
2025-01-01 10:01:35,0.207,0,open
2025-01-01 10:01:36,0.208,1,open
2025-01-01 10:01:37,0.211,0,open
2025-01-01 10:01:38,0.23,0,open
2025-01-01 10:01:39,0.207,0,open
2025-01-01 10:01:40,0.19,0,open
2025-01-01 10:01:41,0.275,0,closed
2025-01-01 10:01:42,0.255,0,closed
2025-01-01 10:01:43,0.311,0,open
2025-01-01 10:01:44,0.181,0,open
2025-01-01 10:01:45,0.225,0,open
2025-01-01 10:01:46,0.268,1,closed
2025-01-01 10:01:47,0.16,0,squint
2025-01-01 10:01:48,0.325,0,open
2025-01-01 10:01:49,0.248,0,open
2025-01-01 10:01:50,0.309,0,open
2025-01-01 10:01:51,0.239,0,open
2025-01-01 10:01:52,0.306,0,open
2025-01-01 10:01:53,0.321,0,open
2025-01-01 10:01:54,0.332,0,open
2025-01-01 10:01:55,0.281,0,open
2025-01-01 10:01:56,0.233,1,closed
2025-01-01 10:01:57,0.203,0,closed
2025-01-01 10:01:58,0.266,0,open
2025-01-01 10:01:59,0.153,0,open
2025-01-01 10:02:00,0.345,0,open
2025-01-01 10:02:01,0.286,0,open
2025-01-01 10:02:02,0.161,0,open
2025-01-01 10:02:03,0.17,0,squint
2025-01-01 10:02:04,0.253,0,closed
2025-01-01 10:02:05,0.313,0,open
2025-01-01 10:02:06,0.289,0,open
2025-01-01 10:02:07,0.202,0,open
2025-01-01 10:02:08,0.21,0,open
2025-01-01 10:02:09,0.304,0,open
2025-01-01 10:02:10,0.277,0,open
2025-01-01 10:02:11,0.162,0,closed
2025-01-01 10:02:12,0.335,0,open
2025-01-01 10:02:13,0.252,0,closed
2025-01-01 10:02:14,0.286,0,open
2025-01-01 10:02:15,0.34,0,open
2025-01-01 10:02:16,0.159,0,open
2025-01-01 10:02:17,0.172,0,open
2025-01-01 10:02:18,0.23,0,open
2025-01-01 10:02:19,0.296,0,open
2025-01-01 10:02:20,0.278,0,closed
2025-01-01 10:02:21,0.21,1,open
2025-01-01 10:02:22,0.198,0,closed
2025-01-01 10:02:23,0.299,1,squint
2025-01-01 10:02:24,0.211,0,squint
2025-01-01 10:02:25,0.159,0,open
2025-01-01 10:02:26,0.348,0,open
2025-01-01 10:02:27,0.162,0,open
2025-01-01 10:02:28,0.253,0,closed
2025-01-01 10:02:29,0.238,0,closed
2025-01-01 10:02:30,0.166,0,squint
2025-01-01 10:02:31,0.268,0,closed
2025-01-01 10:02:32,0.229,0,open
2025-01-01 10:02:33,0.157,0,open
2025-01-01 10:02:34,0.257,0,open
2025-01-01 10:02:35,0.176,0,open
2025-01-01 10:02:36,0.286,1,closed
2025-01-01 10:02:37,0.319,0,closed
2025-01-01 10:02:38,0.204,0,squint
2025-01-01 10:02:39,0.286,0,open
2025-01-01 10:02:40,0.268,0,open
2025-01-01 10:02:41,0.15,0,open
2025-01-01 10:02:42,0.248,0,open
2025-01-01 10:02:43,0.337,0,open
2025-01-01 10:02:44,0.262,0,closed
2025-01-01 10:02:45,0.187,0,closed
2025-01-01 10:02:46,0.158,0,open
2025-01-01 10:02:47,0.274,0,open
2025-01-01 10:02:48,0.168,0,closed
2025-01-01 10:02:49,0.349,0,open
2025-01-01 10:02:50,0.301,0,open
2025-01-01 10:02:51,0.237,1,open
2025-01-01 10:02:52,0.33,0,open
2025-01-01 10:02:53,0.225,0,open
2025-01-01 10:02:54,0.289,0,open
2025-01-01 10:02:55,0.269,1,open
2025-01-01 10:02:56,0.334,0,closed
2025-01-01 10:02:57,0.202,0,closed
2025-01-01 10:02:58,0.162,0,squint
2025-01-01 10:02:59,0.29,1,open
2025-01-01 10:03:00,0.204,0,open
2025-01-01 10:03:01,0.173,0,open
2025-01-01 10:03:02,0.167,0,open
2025-01-01 10:03:03,0.341,0,open
2025-01-01 10:03:04,0.191,0,open
2025-01-01 10:03:05,0.308,0,open
2025-01-01 10:03:06,0.201,0,open
2025-01-01 10:03:07,0.296,0,open
2025-01-01 10:03:08,0.326,0,open
2025-01-01 10:03:09,0.173,0,open
2025-01-01 10:03:10,0.276,0,open
2025-01-01 10:03:11,0.179,0,open
2025-01-01 10:03:12,0.23,0,open
2025-01-01 10:03:13,0.295,0,closed
2025-01-01 10:03:14,0.192,0,open
2025-01-01 10:03:15,0.298,0,closed
2025-01-01 10:03:16,0.262,0,open
2025-01-01 10:03:17,0.274,0,open
2025-01-01 10:03:18,0.262,0,squint
2025-01-01 10:03:19,0.238,0,open
2025-01-01 10:03:20,0.213,0,closed
2025-01-01 10:03:21,0.168,0,open
2025-01-01 10:03:22,0.236,0,squint
2025-01-01 10:03:23,0.247,0,open
2025-01-01 10:03:24,0.344,0,open
2025-01-01 10:03:25,0.151,0,squint
2025-01-01 10:03:26,0.262,0,open
2025-01-01 10:03:27,0.206,0,open
2025-01-01 10:03:28,0.324,0,open
2025-01-01 10:03:29,0.15,0,open
2025-01-01 10:03:30,0.338,0,open
2025-01-01 10:03:31,0.176,0,squint
2025-01-01 10:03:32,0.303,1,squint
2025-01-01 10:03:33,0.213,0,open
2025-01-01 10:03:34,0.247,0,open
2025-01-01 10:03:35,0.209,0,squint
2025-01-01 10:03:36,0.199,0,open
2025-01-01 10:03:37,0.237,0,open
2025-01-01 10:03:38,0.332,0,open
2025-01-01 10:03:39,0.157,0,open
2025-01-01 10:03:40,0.193,0,closed
2025-01-01 10:03:41,0.241,0,open
2025-01-01 10:03:42,0.313,1,open
2025-01-01 10:03:43,0.274,0,open
2025-01-01 10:03:44,0.308,0,closed
2025-01-01 10:03:45,0.324,0,closed
2025-01-01 10:03:46,0.205,0,closed
2025-01-01 10:03:47,0.213,0,open
2025-01-01 10:03:48,0.309,0,open
2025-01-01 10:03:49,0.181,0,open
2025-01-01 10:03:50,0.271,0,open
2025-01-01 10:03:51,0.225,0,open
2025-01-01 10:03:52,0.157,1,open
2025-01-01 10:03:53,0.3,0,open
2025-01-01 10:03:54,0.34,0,open
2025-01-01 10:03:55,0.317,0,squint
2025-01-01 10:03:56,0.345,0,open
2025-01-01 10:03:57,0.168,0,open
2025-01-01 10:03:58,0.28,0,closed
2025-01-01 10:03:59,0.322,1,open
2025-01-01 10:04:00,0.326,0,open
2025-01-01 10:04:01,0.331,0,open
2025-01-01 10:04:02,0.185,0,open
2025-01-01 10:04:03,0.197,0,open
2025-01-01 10:04:04,0.322,0,open
2025-01-01 10:04:05,0.278,0,open
2025-01-01 10:04:06,0.341,0,open
2025-01-01 10:04:07,0.177,0,open
2025-01-01 10:04:08,0.294,0,closed
2025-01-01 10:04:09,0.292,0,open
2025-01-01 10:04:10,0.264,0,open
2025-01-01 10:04:11,0.342,0,squint
2025-01-01 10:04:12,0.211,0,closed
2025-01-01 10:04:13,0.218,0,squint
2025-01-01 10:04:14,0.3,0,open
2025-01-01 10:04:15,0.174,0,open
2025-01-01 10:04:16,0.34,0,open
2025-01-01 10:04:17,0.33,0,open
2025-01-01 10:04:18,0.243,0,open
2025-01-01 10:04:19,0.27,0,open
2025-01-01 10:04:20,0.317,0,closed
2025-01-01 10:04:21,0.336,0,open
2025-01-01 10:04:22,0.242,0,open
2025-01-01 10:04:23,0.154,0,open
2025-01-01 10:04:24,0.332,0,open
2025-01-01 10:04:25,0.235,0,squint
2025-01-01 10:04:26,0.187,0,open
2025-01-01 10:04:27,0.316,0,open
2025-01-01 10:04:28,0.309,0,open
2025-01-01 10:04:29,0.308,0,open
2025-01-01 10:04:30,0.169,0,open
2025-01-01 10:04:31,0.276,0,open
2025-01-01 10:04:32,0.268,0,open
2025-01-01 10:04:33,0.219,0,open
2025-01-01 10:04:34,0.285,0,squint
2025-01-01 10:04:35,0.248,0,open
2025-01-01 10:04:36,0.2,0,open
2025-01-01 10:04:37,0.207,0,open
2025-01-01 10:04:38,0.186,0,closed
2025-01-01 10:04:39,0.283,0,open
2025-01-01 10:04:40,0.195,0,open
2025-01-01 10:04:41,0.258,0,open
2025-01-01 10:04:42,0.264,0,open
2025-01-01 10:04:43,0.323,0,squint
2025-01-01 10:04:44,0.324,0,open
2025-01-01 10:04:45,0.215,0,closed
2025-01-01 10:04:46,0.241,0,open
2025-01-01 10:04:47,0.217,0,closed
2025-01-01 10:04:48,0.341,0,open
2025-01-01 10:04:49,0.204,0,open
2025-01-01 10:04:50,0.328,1,open
2025-01-01 10:04:51,0.157,0,open
2025-01-01 10:04:52,0.248,0,closed
2025-01-01 10:04:53,0.328,0,open
2025-01-01 10:04:54,0.161,0,open
2025-01-01 10:04:55,0.184,0,open
2025-01-01 10:04:56,0.29,0,squint
2025-01-01 10:04:57,0.184,1,squint
2025-01-01 10:04:58,0.197,0,squint
2025-01-01 10:04:59,0.168,0,open
2025-01-01 10:05:00,0.323,0,closed
2025-01-01 10:05:01,0.236,0,open
2025-01-01 10:05:02,0.235,0,open
2025-01-01 10:05:03,0.289,0,open
2025-01-01 10:05:04,0.334,0,open
2025-01-01 10:05:05,0.233,0,closed
2025-01-01 10:05:06,0.213,0,open
2025-01-01 10:05:07,0.232,0,closed
2025-01-01 10:05:08,0.283,0,open
2025-01-01 10:05:09,0.167,0,open
2025-01-01 10:05:10,0.293,0,open
2025-01-01 10:05:11,0.168,0,open
2025-01-01 10:05:12,0.326,0,open
2025-01-01 10:05:13,0.209,0,open
2025-01-01 10:05:14,0.213,0,closed
2025-01-01 10:05:15,0.257,0,open
2025-01-01 10:05:16,0.266,0,open
2025-01-01 10:05:17,0.225,0,squint
2025-01-01 10:05:18,0.244,0,open
2025-01-01 10:05:19,0.236,0,open
2025-01-01 10:05:20,0.255,0,open
2025-01-01 10:05:21,0.341,0,open
2025-01-01 10:05:22,0.263,0,open
2025-01-01 10:05:23,0.256,1,closed
2025-01-01 10:05:24,0.182,0,open
2025-01-01 10:05:25,0.241,1,closed
2025-01-01 10:05:26,0.163,0,open
2025-01-01 10:05:27,0.199,0,open
2025-01-01 10:05:28,0.181,0,open
2025-01-01 10:05:29,0.318,0,closed
2025-01-01 10:05:30,0.344,0,open
2025-01-01 10:05:31,0.237,0,closed
2025-01-01 10:05:32,0.298,0,closed
2025-01-01 10:05:33,0.252,1,open
2025-01-01 10:05:34,0.265,0,open
2025-01-01 10:05:35,0.263,0,squint
2025-01-01 10:05:36,0.322,0,open
2025-01-01 10:05:37,0.213,0,open
2025-01-01 10:05:38,0.293,0,open
2025-01-01 10:05:39,0.338,0,open
2025-01-01 10:05:40,0.255,0,closed
2025-01-01 10:05:41,0.28,0,open
2025-01-01 10:05:42,0.266,0,open
2025-01-01 10:05:43,0.217,0,open
2025-01-01 10:05:44,0.329,0,open
2025-01-01 10:05:45,0.262,0,closed
2025-01-01 10:05:46,0.342,0,closed
2025-01-01 10:05:47,0.161,0,open
2025-01-01 10:05:48,0.298,0,open
2025-01-01 10:05:49,0.246,0,open
2025-01-01 10:05:50,0.302,1,open
2025-01-01 10:05:51,0.259,0,open
2025-01-01 10:05:52,0.318,0,closed
2025-01-01 10:05:53,0.209,0,open
2025-01-01 10:05:54,0.254,0,open
2025-01-01 10:05:55,0.252,0,open
2025-01-01 10:05:56,0.166,0,open
2025-01-01 10:05:57,0.293,0,open
2025-01-01 10:05:58,0.19,0,open
2025-01-01 10:05:59,0.311,0,open
2025-01-01 10:06:00,0.333,0,closed
2025-01-01 10:06:01,0.233,1,open
2025-01-01 10:06:02,0.273,0,squint
2025-01-01 10:06:03,0.165,0,squint
2025-01-01 10:06:04,0.247,0,open
2025-01-01 10:06:05,0.22,0,open
2025-01-01 10:06:06,0.349,0,closed
2025-01-01 10:06:07,0.201,0,open
2025-01-01 10:06:08,0.34,0,closed
2025-01-01 10:06:09,0.335,0,open
2025-01-01 10:06:10,0.237,0,open
2025-01-01 10:06:11,0.272,0,squint
2025-01-01 10:06:12,0.344,0,squint
2025-01-01 10:06:13,0.328,0,open
2025-01-01 10:06:14,0.211,0,open
2025-01-01 10:06:15,0.312,0,open
2025-01-01 10:06:16,0.274,0,squint
2025-01-01 10:06:17,0.295,0,open
2025-01-01 10:06:18,0.296,0,closed
2025-01-01 10:06:19,0.171,0,closed
2025-01-01 10:06:20,0.207,0,squint
2025-01-01 10:06:21,0.306,1,open
2025-01-01 10:06:22,0.27,0,open
2025-01-01 10:06:23,0.191,0,open
2025-01-01 10:06:24,0.204,0,open
2025-01-01 10:06:25,0.314,0,open
2025-01-01 10:06:26,0.345,0,open
2025-01-01 10:06:27,0.166,0,open
2025-01-01 10:06:28,0.329,0,open
2025-01-01 10:06:29,0.287,0,open
2025-01-01 10:06:30,0.206,0,open
2025-01-01 10:06:31,0.343,0,closed
2025-01-01 10:06:32,0.298,0,open
2025-01-01 10:06:33,0.224,0,open
2025-01-01 10:06:34,0.21,0,open
2025-01-01 10:06:35,0.172,0,open
2025-01-01 10:06:36,0.194,0,open
2025-01-01 10:06:37,0.192,0,squint
2025-01-01 10:06:38,0.215,1,open
2025-01-01 10:06:39,0.311,0,open
2025-01-01 10:06:40,0.284,0,open
2025-01-01 10:06:41,0.157,0,open
2025-01-01 10:06:42,0.337,0,open
2025-01-01 10:06:43,0.317,0,open
2025-01-01 10:06:44,0.321,0,open
2025-01-01 10:06:45,0.293,0,open
2025-01-01 10:06:46,0.296,0,closed
2025-01-01 10:06:47,0.21,0,closed
2025-01-01 10:06:48,0.256,1,closed
2025-01-01 10:06:49,0.322,0,open
2025-01-01 10:06:50,0.28,0,open
2025-01-01 10:06:51,0.249,0,open
2025-01-01 10:06:52,0.24,0,open
2025-01-01 10:06:53,0.336,0,open
2025-01-01 10:06:54,0.296,0,open
2025-01-01 10:06:55,0.298,0,open
2025-01-01 10:06:56,0.347,0,open
2025-01-01 10:06:57,0.308,0,open
2025-01-01 10:06:58,0.199,0,open
2025-01-01 10:06:59,0.267,0,open
2025-01-01 10:07:00,0.253,0,open
2025-01-01 10:07:01,0.341,0,open
2025-01-01 10:07:02,0.285,0,open
2025-01-01 10:07:03,0.335,0,closed
2025-01-01 10:07:04,0.231,0,open
2025-01-01 10:07:05,0.292,1,open
2025-01-01 10:07:06,0.253,0,open
2025-01-01 10:07:07,0.313,0,open
2025-01-01 10:07:08,0.165,0,closed
2025-01-01 10:07:09,0.342,0,closed
2025-01-01 10:07:10,0.284,0,open
2025-01-01 10:07:11,0.172,0,closed
2025-01-01 10:07:12,0.34,0,open
2025-01-01 10:07:13,0.304,0,open
2025-01-01 10:07:14,0.194,0,open
2025-01-01 10:07:15,0.318,0,open
2025-01-01 10:07:16,0.296,0,closed
2025-01-01 10:07:17,0.301,0,open
2025-01-01 10:07:18,0.311,0,closed
2025-01-01 10:07:19,0.227,0,open
2025-01-01 10:07:20,0.3,1,open
2025-01-01 10:07:21,0.183,0,open
2025-01-01 10:07:22,0.209,0,open
2025-01-01 10:07:23,0.311,0,squint
2025-01-01 10:07:24,0.198,0,open
2025-01-01 10:07:25,0.346,0,closed
2025-01-01 10:07:26,0.287,0,open
2025-01-01 10:07:27,0.205,0,open
2025-01-01 10:07:28,0.291,0,open
2025-01-01 10:07:29,0.345,1,open
2025-01-01 10:07:30,0.158,1,open
2025-01-01 10:07:31,0.326,0,open
2025-01-01 10:07:32,0.161,0,open
2025-01-01 10:07:33,0.198,0,open
2025-01-01 10:07:34,0.264,0,open
2025-01-01 10:07:35,0.267,0,closed
2025-01-01 10:07:36,0.174,0,open
2025-01-01 10:07:37,0.265,0,open
2025-01-01 10:07:38,0.32,0,closed
2025-01-01 10:07:39,0.23,0,open
2025-01-01 10:07:40,0.32,0,open
2025-01-01 10:07:41,0.334,0,open
2025-01-01 10:07:42,0.323,0,open
2025-01-01 10:07:43,0.168,0,open
2025-01-01 10:07:44,0.32,0,closed
2025-01-01 10:07:45,0.242,0,open
2025-01-01 10:07:46,0.31,0,closed
2025-01-01 10:07:47,0.328,0,open
2025-01-01 10:07:48,0.302,0,open
2025-01-01 10:07:49,0.296,0,closed
2025-01-01 10:07:50,0.306,1,closed
2025-01-01 10:07:51,0.158,0,open
2025-01-01 10:07:52,0.345,0,closed
2025-01-01 10:07:53,0.254,0,open
2025-01-01 10:07:54,0.154,0,closed
2025-01-01 10:07:55,0.332,0,closed
2025-01-01 10:07:56,0.169,0,closed
2025-01-01 10:07:57,0.334,0,closed
2025-01-01 10:07:58,0.259,0,squint
2025-01-01 10:07:59,0.247,0,open
2025-01-01 10:08:00,0.284,0,open
2025-01-01 10:08:01,0.29,0,squint
2025-01-01 10:08:02,0.261,0,closed
2025-01-01 10:08:03,0.166,0,open
2025-01-01 10:08:04,0.219,0,open
2025-01-01 10:08:05,0.337,0,closed
2025-01-01 10:08:06,0.187,0,closed
2025-01-01 10:08:07,0.184,0,open
2025-01-01 10:08:08,0.16,0,closed
2025-01-01 10:08:09,0.188,0,squint
2025-01-01 10:08:10,0.31,0,open
2025-01-01 10:08:11,0.244,0,closed
2025-01-01 10:08:12,0.194,1,closed
2025-01-01 10:08:13,0.289,0,closed
2025-01-01 10:08:14,0.271,0,open
2025-01-01 10:08:15,0.321,0,closed
2025-01-01 10:08:16,0.314,0,closed
2025-01-01 10:08:17,0.273,0,open
2025-01-01 10:08:18,0.189,0,open
2025-01-01 10:08:19,0.314,0,closed
2025-01-01 10:08:20,0.152,0,open
2025-01-01 10:08:21,0.235,0,open
2025-01-01 10:08:22,0.303,0,closed
2025-01-01 10:08:23,0.271,0,open
2025-01-01 10:08:24,0.338,0,open
2025-01-01 10:08:25,0.334,0,closed
2025-01-01 10:08:26,0.334,0,open
2025-01-01 10:08:27,0.244,0,open
2025-01-01 10:08:28,0.301,0,open
2025-01-01 10:08:29,0.152,0,squint
2025-01-01 10:08:30,0.194,0,open
2025-01-01 10:08:31,0.188,0,squint
2025-01-01 10:08:32,0.291,0,open
2025-01-01 10:08:33,0.319,0,open
2025-01-01 10:08:34,0.162,0,closed
2025-01-01 10:08:35,0.233,0,squint
2025-01-01 10:08:36,0.168,0,open
2025-01-01 10:08:37,0.179,0,open
2025-01-01 10:08:38,0.165,0,open
2025-01-01 10:08:39,0.164,0,closed
2025-01-01 10:08:40,0.175,0,open
2025-01-01 10:08:41,0.265,0,open
2025-01-01 10:08:42,0.269,0,squint
2025-01-01 10:08:43,0.279,0,closed
2025-01-01 10:08:44,0.267,0,open
2025-01-01 10:08:45,0.322,0,open
2025-01-01 10:08:46,0.247,0,closed
2025-01-01 10:08:47,0.285,0,open
2025-01-01 10:08:48,0.325,0,closed
2025-01-01 10:08:49,0.255,0,open
2025-01-01 10:08:50,0.257,0,open
2025-01-01 10:08:51,0.318,0,open
2025-01-01 10:08:52,0.151,0,open
2025-01-01 10:08:53,0.339,0,squint
2025-01-01 10:08:54,0.327,0,open
2025-01-01 10:08:55,0.276,0,open
2025-01-01 10:08:56,0.325,0,open
2025-01-01 10:08:57,0.348,0,open
2025-01-01 10:08:58,0.284,0,closed
2025-01-01 10:08:59,0.349,0,squint
2025-01-01 10:09:00,0.261,0,open
2025-01-01 10:09:01,0.34,0,closed
2025-01-01 10:09:02,0.162,0,closed
2025-01-01 10:09:03,0.223,0,open
2025-01-01 10:09:04,0.302,0,open
2025-01-01 10:09:05,0.193,0,open
2025-01-01 10:09:06,0.317,0,open
2025-01-01 10:09:07,0.227,0,open
2025-01-01 10:09:08,0.273,0,closed
2025-01-01 10:09:09,0.269,0,open
2025-01-01 10:09:10,0.299,0,open
2025-01-01 10:09:11,0.168,0,open
2025-01-01 10:09:12,0.261,0,closed
2025-01-01 10:09:13,0.344,0,open
2025-01-01 10:09:14,0.162,0,closed
2025-01-01 10:09:15,0.26,0,open
2025-01-01 10:09:16,0.192,0,open
2025-01-01 10:09:17,0.181,0,squint
2025-01-01 10:09:18,0.327,0,open
2025-01-01 10:09:19,0.158,0,open
2025-01-01 10:09:20,0.318,0,open
2025-01-01 10:09:21,0.267,0,open
2025-01-01 10:09:22,0.317,0,open
2025-01-01 10:09:23,0.258,0,open
2025-01-01 10:09:24,0.177,0,open
2025-01-01 10:09:25,0.171,0,open
2025-01-01 10:09:26,0.343,0,open
2025-01-01 10:09:27,0.166,0,closed
2025-01-01 10:09:28,0.241,0,closed
2025-01-01 10:09:29,0.274,1,open
2025-01-01 10:09:30,0.268,0,closed
2025-01-01 10:09:31,0.318,0,open
2025-01-01 10:09:32,0.296,0,closed
2025-01-01 10:09:33,0.21,0,open
2025-01-01 10:09:34,0.158,0,open
2025-01-01 10:09:35,0.161,0,closed
2025-01-01 10:09:36,0.267,0,open
2025-01-01 10:09:37,0.217,0,open
2025-01-01 10:09:38,0.335,0,open
2025-01-01 10:09:39,0.328,0,open
2025-01-01 10:09:40,0.287,0,open
2025-01-01 10:09:41,0.324,0,closed
2025-01-01 10:09:42,0.215,0,open
2025-01-01 10:09:43,0.277,0,closed
2025-01-01 10:09:44,0.216,0,closed
2025-01-01 10:09:45,0.234,0,open
2025-01-01 10:09:46,0.223,0,open
2025-01-01 10:09:47,0.238,0,closed
2025-01-01 10:09:48,0.259,0,open
2025-01-01 10:09:49,0.27,0,open
2025-01-01 10:09:50,0.217,0,open
2025-01-01 10:09:51,0.208,0,open
2025-01-01 10:09:52,0.209,0,squint
2025-01-01 10:09:53,0.252,0,closed
2025-01-01 10:09:54,0.221,0,open
2025-01-01 10:09:55,0.207,0,open
2025-01-01 10:09:56,0.267,0,open
2025-01-01 10:09:57,0.288,1,open
2025-01-01 10:09:58,0.267,0,open
2025-01-01 10:09:59,0.262,0,open
2025-01-01 10:10:00,0.238,0,open
2025-01-01 10:10:01,0.229,1,open
2025-01-01 10:10:02,0.161,0,open
2025-01-01 10:10:03,0.198,0,closed
2025-01-01 10:10:04,0.291,0,closed
2025-01-01 10:10:05,0.336,0,closed
2025-01-01 10:10:06,0.257,0,open
2025-01-01 10:10:07,0.177,0,open
2025-01-01 10:10:08,0.313,0,open
2025-01-01 10:10:09,0.167,0,open
2025-01-01 10:10:10,0.252,1,squint
2025-01-01 10:10:11,0.26,0,closed
2025-01-01 10:10:12,0.204,0,open
2025-01-01 10:10:13,0.239,0,open
2025-01-01 10:10:14,0.314,0,open
2025-01-01 10:10:15,0.297,0,open
2025-01-01 10:10:16,0.306,0,open
2025-01-01 10:10:17,0.162,0,closed
2025-01-01 10:10:18,0.299,0,squint
2025-01-01 10:10:19,0.184,0,closed
2025-01-01 10:10:20,0.223,0,open
2025-01-01 10:10:21,0.188,0,squint
2025-01-01 10:10:22,0.278,0,open
2025-01-01 10:10:23,0.29,0,open
2025-01-01 10:10:24,0.182,0,open
2025-01-01 10:10:25,0.193,0,open
2025-01-01 10:10:26,0.245,0,open
2025-01-01 10:10:27,0.286,0,open
2025-01-01 10:10:28,0.311,0,open
2025-01-01 10:10:29,0.228,0,open
2025-01-01 10:10:30,0.185,0,open
2025-01-01 10:10:31,0.295,0,open
2025-01-01 10:10:32,0.255,0,closed
2025-01-01 10:10:33,0.337,0,open
2025-01-01 10:10:34,0.302,1,open
2025-01-01 10:10:35,0.291,0,open
2025-01-01 10:10:36,0.338,0,open
2025-01-01 10:10:37,0.222,0,closed
2025-01-01 10:10:38,0.165,0,open
2025-01-01 10:10:39,0.262,0,open
2025-01-01 10:10:40,0.204,0,open
2025-01-01 10:10:41,0.316,0,closed
2025-01-01 10:10:42,0.334,0,open
2025-01-01 10:10:43,0.26,0,open
2025-01-01 10:10:44,0.226,0,open
2025-01-01 10:10:45,0.309,0,open
2025-01-01 10:10:46,0.29,0,open
2025-01-01 10:10:47,0.181,0,open
2025-01-01 10:10:48,0.226,0,open
2025-01-01 10:10:49,0.195,0,open
2025-01-01 10:10:50,0.246,0,closed
2025-01-01 10:10:51,0.185,0,open
2025-01-01 10:10:52,0.255,0,closed
2025-01-01 10:10:53,0.151,0,open
2025-01-01 10:10:54,0.301,0,open
2025-01-01 10:10:55,0.208,0,open
2025-01-01 10:10:56,0.185,0,closed
2025-01-01 10:10:57,0.161,1,open
2025-01-01 10:10:58,0.267,1,squint
2025-01-01 10:10:59,0.313,0,closed
2025-01-01 10:11:00,0.346,0,squint
2025-01-01 10:11:01,0.223,0,open
2025-01-01 10:11:02,0.211,0,closed
2025-01-01 10:11:03,0.19,1,open
2025-01-01 10:11:04,0.316,0,closed
2025-01-01 10:11:05,0.24,0,open
2025-01-01 10:11:06,0.172,0,open
2025-01-01 10:11:07,0.349,0,open
2025-01-01 10:11:08,0.346,0,open
2025-01-01 10:11:09,0.26,0,open
2025-01-01 10:11:10,0.202,0,open
2025-01-01 10:11:11,0.302,0,open
2025-01-01 10:11:12,0.161,0,open
2025-01-01 10:11:13,0.188,0,open
2025-01-01 10:11:14,0.263,0,open
2025-01-01 10:11:15,0.21,0,squint
2025-01-01 10:11:16,0.298,0,open
2025-01-01 10:11:17,0.291,0,open
2025-01-01 10:11:18,0.233,0,open
2025-01-01 10:11:19,0.327,0,open
2025-01-01 10:11:20,0.255,0,closed
2025-01-01 10:11:21,0.161,1,open
2025-01-01 10:11:22,0.249,1,open
2025-01-01 10:11:23,0.286,0,closed
2025-01-01 10:11:24,0.281,0,closed
2025-01-01 10:11:25,0.346,0,open
2025-01-01 10:11:26,0.261,0,open
2025-01-01 10:11:27,0.161,0,closed
2025-01-01 10:11:28,0.275,0,open
2025-01-01 10:11:29,0.249,0,open
2025-01-01 10:11:30,0.209,0,open
2025-01-01 10:11:31,0.213,0,closed
2025-01-01 10:11:32,0.178,0,closed
2025-01-01 10:11:33,0.229,1,open
2025-01-01 10:11:34,0.346,0,open
2025-01-01 10:11:35,0.299,0,open
2025-01-01 10:11:36,0.301,0,open
2025-01-01 10:11:37,0.309,0,open
2025-01-01 10:11:38,0.248,0,open
2025-01-01 10:11:39,0.226,0,squint
2025-01-01 10:11:40,0.302,0,open
2025-01-01 10:11:41,0.228,0,closed
2025-01-01 10:11:42,0.187,0,open
2025-01-01 10:11:43,0.181,0,open
2025-01-01 10:11:44,0.3,0,open
2025-01-01 10:11:45,0.327,0,open
2025-01-01 10:11:46,0.2,0,open
2025-01-01 10:11:47,0.25,0,closed
2025-01-01 10:11:48,0.286,0,open
2025-01-01 10:11:49,0.17,0,squint
2025-01-01 10:11:50,0.286,0,open
2025-01-01 10:11:51,0.332,0,open
2025-01-01 10:11:52,0.154,1,open
2025-01-01 10:11:53,0.303,0,closed
2025-01-01 10:11:54,0.308,0,closed
2025-01-01 10:11:55,0.302,0,open
2025-01-01 10:11:56,0.21,0,open
2025-01-01 10:11:57,0.178,0,open
2025-01-01 10:11:58,0.165,0,closed
2025-01-01 10:11:59,0.253,0,squint
2025-01-01 10:12:00,0.182,0,open
2025-01-01 10:12:01,0.258,0,closed
2025-01-01 10:12:02,0.287,0,open
2025-01-01 10:12:03,0.219,0,squint
2025-01-01 10:12:04,0.217,0,open
2025-01-01 10:12:05,0.319,0,closed
2025-01-01 10:12:06,0.346,0,closed
2025-01-01 10:12:07,0.306,0,closed
2025-01-01 10:12:08,0.226,0,squint
2025-01-01 10:12:09,0.261,0,open
2025-01-01 10:12:10,0.18,1,closed
2025-01-01 10:12:11,0.249,0,open
2025-01-01 10:12:12,0.29,0,closed
2025-01-01 10:12:13,0.192,0,open
2025-01-01 10:12:14,0.323,0,open
2025-01-01 10:12:15,0.328,0,open
2025-01-01 10:12:16,0.291,0,open
2025-01-01 10:12:17,0.24,0,open
2025-01-01 10:12:18,0.306,0,open
2025-01-01 10:12:19,0.206,0,open
2025-01-01 10:12:20,0.202,0,open
2025-01-01 10:12:21,0.24,0,open
2025-01-01 10:12:22,0.201,0,open
2025-01-01 10:12:23,0.305,0,open
2025-01-01 10:12:24,0.287,1,open
2025-01-01 10:12:25,0.221,0,open
2025-01-01 10:12:26,0.284,0,open
2025-01-01 10:12:27,0.244,0,closed
2025-01-01 10:12:28,0.155,0,open
2025-01-01 10:12:29,0.219,0,open
2025-01-01 10:12:30,0.2,0,open
2025-01-01 10:12:31,0.284,0,open
2025-01-01 10:12:32,0.24,0,open
2025-01-01 10:12:33,0.241,0,closed
2025-01-01 10:12:34,0.177,1,open
2025-01-01 10:12:35,0.336,0,open
2025-01-01 10:12:36,0.189,0,open
2025-01-01 10:12:37,0.243,0,open
2025-01-01 10:12:38,0.169,0,open
2025-01-01 10:12:39,0.196,0,open
2025-01-01 10:12:40,0.273,0,closed
2025-01-01 10:12:41,0.181,0,squint
2025-01-01 10:12:42,0.192,0,open
2025-01-01 10:12:43,0.306,0,open
2025-01-01 10:12:44,0.326,0,open
2025-01-01 10:12:45,0.244,0,open
2025-01-01 10:12:46,0.17,1,open
2025-01-01 10:12:47,0.297,0,closed
2025-01-01 10:12:48,0.153,0,open
2025-01-01 10:12:49,0.254,1,closed
2025-01-01 10:12:50,0.187,0,squint
2025-01-01 10:12:51,0.309,0,open
2025-01-01 10:12:52,0.347,1,open
2025-01-01 10:12:53,0.242,0,open
2025-01-01 10:12:54,0.318,0,open
2025-01-01 10:12:55,0.205,0,open
2025-01-01 10:12:56,0.295,0,closed
2025-01-01 10:12:57,0.221,0,open
2025-01-01 10:12:58,0.345,0,closed
2025-01-01 10:12:59,0.303,0,open
2025-01-01 10:13:00,0.166,0,open
2025-01-01 10:13:01,0.238,0,closed
2025-01-01 10:13:02,0.278,0,open
2025-01-01 10:13:03,0.236,0,open
2025-01-01 10:13:04,0.192,0,open
2025-01-01 10:13:05,0.203,0,open
2025-01-01 10:13:06,0.303,0,squint
2025-01-01 10:13:07,0.339,0,open
2025-01-01 10:13:08,0.188,0,open
2025-01-01 10:13:09,0.166,0,open
2025-01-01 10:13:10,0.214,0,closed
2025-01-01 10:13:11,0.181,0,open
2025-01-01 10:13:12,0.273,0,open
2025-01-01 10:13:13,0.207,1,open
2025-01-01 10:13:14,0.193,0,open
2025-01-01 10:13:15,0.324,0,open
2025-01-01 10:13:16,0.194,0,open
2025-01-01 10:13:17,0.298,0,open
2025-01-01 10:13:18,0.181,0,open
2025-01-01 10:13:19,0.311,0,open
2025-01-01 10:13:20,0.255,0,open
2025-01-01 10:13:21,0.274,0,open
2025-01-01 10:13:22,0.273,0,open
2025-01-01 10:13:23,0.315,0,open
2025-01-01 10:13:24,0.283,0,open
2025-01-01 10:13:25,0.312,0,open
2025-01-01 10:13:26,0.189,0,open
2025-01-01 10:13:27,0.222,0,open
2025-01-01 10:13:28,0.285,0,open
2025-01-01 10:13:29,0.287,1,closed
2025-01-01 10:13:30,0.277,0,open
2025-01-01 10:13:31,0.23,0,open
2025-01-01 10:13:32,0.255,1,closed
2025-01-01 10:13:33,0.172,0,closed
2025-01-01 10:13:34,0.191,0,open
2025-01-01 10:13:35,0.325,0,open
2025-01-01 10:13:36,0.207,0,open
2025-01-01 10:13:37,0.188,0,open
2025-01-01 10:13:38,0.333,1,open
2025-01-01 10:13:39,0.233,0,open
2025-01-01 10:13:40,0.338,0,open
2025-01-01 10:13:41,0.258,0,squint
2025-01-01 10:13:42,0.338,0,open
2025-01-01 10:13:43,0.31,0,squint
2025-01-01 10:13:44,0.277,1,closed
2025-01-01 10:13:45,0.201,0,open
2025-01-01 10:13:46,0.276,0,open
2025-01-01 10:13:47,0.294,0,squint
2025-01-01 10:13:48,0.337,0,open
2025-01-01 10:13:49,0.242,0,open
2025-01-01 10:13:50,0.318,1,open
2025-01-01 10:13:51,0.342,0,open
2025-01-01 10:13:52,0.338,1,closed
2025-01-01 10:13:53,0.314,0,open
2025-01-01 10:13:54,0.177,0,open
2025-01-01 10:13:55,0.338,0,open
2025-01-01 10:13:56,0.157,0,closed
2025-01-01 10:13:57,0.264,0,open
2025-01-01 10:13:58,0.221,0,open
2025-01-01 10:13:59,0.229,0,open
2025-01-01 10:14:00,0.303,0,open
2025-01-01 10:14:01,0.32,0,closed
2025-01-01 10:14:02,0.235,0,squint
2025-01-01 10:14:03,0.173,0,squint
2025-01-01 10:14:04,0.218,0,open
2025-01-01 10:14:05,0.325,0,open
2025-01-01 10:14:06,0.23,0,open
2025-01-01 10:14:07,0.182,1,closed
2025-01-01 10:14:08,0.218,0,open
2025-01-01 10:14:09,0.241,0,open
2025-01-01 10:14:10,0.232,0,open
2025-01-01 10:14:11,0.26,0,squint
2025-01-01 10:14:12,0.198,0,squint
2025-01-01 10:14:13,0.302,0,open
2025-01-01 10:14:14,0.265,0,open
2025-01-01 10:14:15,0.33,0,squint
2025-01-01 10:14:16,0.326,0,open
2025-01-01 10:14:17,0.277,0,closed
2025-01-01 10:14:18,0.307,0,open
2025-01-01 10:14:19,0.239,0,open
2025-01-01 10:14:20,0.27,1,open
2025-01-01 10:14:21,0.297,0,open
2025-01-01 10:14:22,0.31,0,open
2025-01-01 10:14:23,0.3,0,open
2025-01-01 10:14:24,0.293,0,open
2025-01-01 10:14:25,0.282,0,open
2025-01-01 10:14:26,0.284,0,closed
2025-01-01 10:14:27,0.343,0,open
2025-01-01 10:14:28,0.248,0,open
2025-01-01 10:14:29,0.218,0,open
2025-01-01 10:14:30,0.343,0,open
2025-01-01 10:14:31,0.326,0,open
2025-01-01 10:14:32,0.316,0,closed
2025-01-01 10:14:33,0.204,0,closed
2025-01-01 10:14:34,0.267,0,open
2025-01-01 10:14:35,0.299,0,open
2025-01-01 10:14:36,0.188,0,open
2025-01-01 10:14:37,0.299,1,open
2025-01-01 10:14:38,0.228,0,squint
2025-01-01 10:14:39,0.185,0,open
2025-01-01 10:14:40,0.332,0,open
2025-01-01 10:14:41,0.338,0,open
2025-01-01 10:14:42,0.156,1,closed
2025-01-01 10:14:43,0.303,1,open
2025-01-01 10:14:44,0.282,0,open
2025-01-01 10:14:45,0.173,0,open
2025-01-01 10:14:46,0.31,0,squint
2025-01-01 10:14:47,0.309,0,open
2025-01-01 10:14:48,0.292,1,open
2025-01-01 10:14:49,0.222,0,open
2025-01-01 10:14:50,0.234,0,open
2025-01-01 10:14:51,0.218,0,closed
2025-01-01 10:14:52,0.236,0,open
2025-01-01 10:14:53,0.248,0,open
2025-01-01 10:14:54,0.267,0,open
2025-01-01 10:14:55,0.248,0,open
2025-01-01 10:14:56,0.234,0,open
2025-01-01 10:14:57,0.335,0,open
2025-01-01 10:14:58,0.196,0,open
2025-01-01 10:14:59,0.336,0,open
2025-01-01 10:15:00,0.296,0,squint
2025-01-01 10:15:01,0.166,0,squint
2025-01-01 10:15:02,0.193,0,closed
2025-01-01 10:15:03,0.222,0,open
2025-01-01 10:15:04,0.184,0,open
2025-01-01 10:15:05,0.212,0,open
2025-01-01 10:15:06,0.167,0,open
2025-01-01 10:15:07,0.202,0,open
2025-01-01 10:15:08,0.228,0,closed
2025-01-01 10:15:09,0.333,0,open
2025-01-01 10:15:10,0.219,0,open
2025-01-01 10:15:11,0.261,0,open
2025-01-01 10:15:12,0.215,0,open
2025-01-01 10:15:13,0.273,0,squint
2025-01-01 10:15:14,0.318,0,open
2025-01-01 10:15:15,0.196,0,open
2025-01-01 10:15:16,0.178,0,open
2025-01-01 10:15:17,0.312,0,open
2025-01-01 10:15:18,0.273,0,open
2025-01-01 10:15:19,0.23,0,open
2025-01-01 10:15:20,0.33,0,open
2025-01-01 10:15:21,0.274,0,closed
2025-01-01 10:15:22,0.199,0,open
2025-01-01 10:15:23,0.28,0,open
2025-01-01 10:15:24,0.24,0,open
2025-01-01 10:15:25,0.232,0,squint
2025-01-01 10:15:26,0.215,0,open
2025-01-01 10:15:27,0.31,0,squint
2025-01-01 10:15:28,0.223,0,open
2025-01-01 10:15:29,0.31,1,squint
2025-01-01 10:15:30,0.249,0,open
2025-01-01 10:15:31,0.154,0,closed
2025-01-01 10:15:32,0.236,0,open
2025-01-01 10:15:33,0.232,0,open
2025-01-01 10:15:34,0.167,0,closed
2025-01-01 10:15:35,0.308,0,open
2025-01-01 10:15:36,0.264,0,closed
2025-01-01 10:15:37,0.231,0,open
2025-01-01 10:15:38,0.255,0,open
2025-01-01 10:15:39,0.193,0,closed
2025-01-01 10:15:40,0.31,0,open
2025-01-01 10:15:41,0.33,0,open
2025-01-01 10:15:42,0.3,0,open
2025-01-01 10:15:43,0.343,0,open
2025-01-01 10:15:44,0.344,0,closed
2025-01-01 10:15:45,0.212,0,open
2025-01-01 10:15:46,0.203,0,open
2025-01-01 10:15:47,0.269,1,open
2025-01-01 10:15:48,0.174,0,squint
2025-01-01 10:15:49,0.208,0,open
2025-01-01 10:15:50,0.311,0,open
2025-01-01 10:15:51,0.345,0,squint
2025-01-01 10:15:52,0.33,0,open
2025-01-01 10:15:53,0.24,0,squint
2025-01-01 10:15:54,0.313,0,open
2025-01-01 10:15:55,0.314,0,open
2025-01-01 10:15:56,0.276,0,open
2025-01-01 10:15:57,0.234,0,open
2025-01-01 10:15:58,0.193,0,open
2025-01-01 10:15:59,0.306,0,open
2025-01-01 10:16:00,0.338,0,open
2025-01-01 10:16:01,0.273,0,open
2025-01-01 10:16:02,0.305,0,open
2025-01-01 10:16:03,0.17,0,open
2025-01-01 10:16:04,0.337,1,closed
2025-01-01 10:16:05,0.242,0,open
2025-01-01 10:16:06,0.278,0,squint
2025-01-01 10:16:07,0.259,1,squint
2025-01-01 10:16:08,0.21,0,open
2025-01-01 10:16:09,0.291,0,squint
2025-01-01 10:16:10,0.274,0,closed
2025-01-01 10:16:11,0.221,0,open
2025-01-01 10:16:12,0.289,1,open
2025-01-01 10:16:13,0.299,0,open
2025-01-01 10:16:14,0.238,0,open
2025-01-01 10:16:15,0.313,0,open
2025-01-01 10:16:16,0.292,0,closed
2025-01-01 10:16:17,0.17,0,open
2025-01-01 10:16:18,0.249,0,open
2025-01-01 10:16:19,0.298,0,closed
2025-01-01 10:16:20,0.162,0,closed
2025-01-01 10:16:21,0.215,0,open
2025-01-01 10:16:22,0.315,0,open
2025-01-01 10:16:23,0.337,0,open
2025-01-01 10:16:24,0.32,0,squint
2025-01-01 10:16:25,0.344,0,open
2025-01-01 10:16:26,0.291,0,open
2025-01-01 10:16:27,0.195,0,open
2025-01-01 10:16:28,0.169,0,open
2025-01-01 10:16:29,0.25,0,open
2025-01-01 10:16:30,0.168,0,open
2025-01-01 10:16:31,0.29,0,open
2025-01-01 10:16:32,0.299,0,open
2025-01-01 10:16:33,0.3,1,open
2025-01-01 10:16:34,0.184,0,open
2025-01-01 10:16:35,0.258,0,open
2025-01-01 10:16:36,0.151,1,open
2025-01-01 10:16:37,0.304,0,closed
2025-01-01 10:16:38,0.331,0,open
2025-01-01 10:16:39,0.23,0,squint
2025-01-01 10:16:40,0.246,0,squint
2025-01-01 10:16:41,0.261,0,open
2025-01-01 10:16:42,0.31,0,open
2025-01-01 10:16:43,0.343,0,squint
2025-01-01 10:16:44,0.184,0,open
2025-01-01 10:16:45,0.232,0,open
2025-01-01 10:16:46,0.224,0,open
2025-01-01 10:16:47,0.289,0,open
2025-01-01 10:16:48,0.227,0,open
2025-01-01 10:16:49,0.234,0,squint
2025-01-01 10:16:50,0.298,0,closed
2025-01-01 10:16:51,0.242,0,open
2025-01-01 10:16:52,0.28,0,closed
2025-01-01 10:16:53,0.173,0,open
2025-01-01 10:16:54,0.16,0,open
2025-01-01 10:16:55,0.238,0,open
2025-01-01 10:16:56,0.17,0,open
2025-01-01 10:16:57,0.29,0,squint
2025-01-01 10:16:58,0.187,0,open
2025-01-01 10:16:59,0.342,0,open
2025-01-01 10:17:00,0.185,0,open
2025-01-01 10:17:01,0.194,0,open
2025-01-01 10:17:02,0.297,0,squint
2025-01-01 10:17:03,0.34,0,open
2025-01-01 10:17:04,0.202,0,open
2025-01-01 10:17:05,0.292,0,closed
2025-01-01 10:17:06,0.152,0,open
2025-01-01 10:17:07,0.344,0,open
2025-01-01 10:17:08,0.341,0,closed
2025-01-01 10:17:09,0.308,0,open
2025-01-01 10:17:10,0.248,0,open
2025-01-01 10:17:11,0.264,0,open
2025-01-01 10:17:12,0.201,0,open
2025-01-01 10:17:13,0.193,0,closed
2025-01-01 10:17:14,0.195,0,open
2025-01-01 10:17:15,0.15,0,open
2025-01-01 10:17:16,0.341,0,open
2025-01-01 10:17:17,0.217,0,open
2025-01-01 10:17:18,0.155,0,open
2025-01-01 10:17:19,0.307,0,closed
2025-01-01 10:17:20,0.223,0,open
2025-01-01 10:17:21,0.28,0,open
2025-01-01 10:17:22,0.217,0,open
2025-01-01 10:17:23,0.263,0,closed
2025-01-01 10:17:24,0.309,0,closed
2025-01-01 10:17:25,0.169,0,open
2025-01-01 10:17:26,0.177,0,open
2025-01-01 10:17:27,0.216,0,open
2025-01-01 10:17:28,0.33,0,open
2025-01-01 10:17:29,0.335,0,open
2025-01-01 10:17:30,0.177,0,closed
2025-01-01 10:17:31,0.337,0,closed
2025-01-01 10:17:32,0.304,0,open
2025-01-01 10:17:33,0.35,0,open
2025-01-01 10:17:34,0.299,0,open
2025-01-01 10:17:35,0.264,0,open
2025-01-01 10:17:36,0.292,0,open
2025-01-01 10:17:37,0.218,0,squint
2025-01-01 10:17:38,0.229,0,closed
2025-01-01 10:17:39,0.312,0,open
2025-01-01 10:17:40,0.307,0,open
2025-01-01 10:17:41,0.19,0,open
2025-01-01 10:17:42,0.159,0,open
2025-01-01 10:17:43,0.241,0,open
2025-01-01 10:17:44,0.258,0,squint
2025-01-01 10:17:45,0.323,0,open
2025-01-01 10:17:46,0.349,0,open
2025-01-01 10:17:47,0.345,0,open
2025-01-01 10:17:48,0.342,0,open
2025-01-01 10:17:49,0.273,0,open
2025-01-01 10:17:50,0.255,0,closed
2025-01-01 10:17:51,0.174,0,open
2025-01-01 10:17:52,0.247,0,open
2025-01-01 10:17:53,0.212,0,open
2025-01-01 10:17:54,0.32,0,open
2025-01-01 10:17:55,0.347,0,squint
2025-01-01 10:17:56,0.31,0,open
2025-01-01 10:17:57,0.182,0,open
2025-01-01 10:17:58,0.323,0,squint
2025-01-01 10:17:59,0.313,0,open
2025-01-01 10:18:00,0.184,0,open
2025-01-01 10:18:01,0.251,1,open
2025-01-01 10:18:02,0.295,0,open
2025-01-01 10:18:03,0.161,0,open
2025-01-01 10:18:04,0.303,0,open
2025-01-01 10:18:05,0.158,0,open
2025-01-01 10:18:06,0.296,0,open
2025-01-01 10:18:07,0.25,0,squint
2025-01-01 10:18:08,0.188,0,open
2025-01-01 10:18:09,0.243,0,open
2025-01-01 10:18:10,0.345,0,open
2025-01-01 10:18:11,0.15,0,open
2025-01-01 10:18:12,0.318,0,closed
2025-01-01 10:18:13,0.189,0,open
2025-01-01 10:18:14,0.153,0,squint
2025-01-01 10:18:15,0.335,0,open
2025-01-01 10:18:16,0.252,0,open
2025-01-01 10:18:17,0.343,0,open
2025-01-01 10:18:18,0.295,0,open
2025-01-01 10:18:19,0.151,0,open
2025-01-01 10:18:20,0.167,0,open
2025-01-01 10:18:21,0.244,0,closed
2025-01-01 10:18:22,0.337,0,open
2025-01-01 10:18:23,0.319,0,open
2025-01-01 10:18:24,0.332,0,open
2025-01-01 10:18:25,0.334,0,open
2025-01-01 10:18:26,0.18,0,open
2025-01-01 10:18:27,0.279,0,open
2025-01-01 10:18:28,0.176,0,open
2025-01-01 10:18:29,0.274,0,closed
2025-01-01 10:18:30,0.349,0,open
2025-01-01 10:18:31,0.161,0,open
2025-01-01 10:18:32,0.269,1,open
2025-01-01 10:18:33,0.189,0,open
2025-01-01 10:18:34,0.26,0,open
2025-01-01 10:18:35,0.26,0,open
2025-01-01 10:18:36,0.159,0,open
2025-01-01 10:18:37,0.23,0,open
2025-01-01 10:18:38,0.164,0,open
2025-01-01 10:18:39,0.317,0,open
2025-01-01 10:18:40,0.343,0,closed
2025-01-01 10:18:41,0.173,0,squint
2025-01-01 10:18:42,0.168,0,open
2025-01-01 10:18:43,0.168,0,open
2025-01-01 10:18:44,0.266,0,open
2025-01-01 10:18:45,0.155,0,squint
2025-01-01 10:18:46,0.301,0,open
2025-01-01 10:18:47,0.293,0,open
2025-01-01 10:18:48,0.259,0,open
2025-01-01 10:18:49,0.328,1,squint
2025-01-01 10:18:50,0.301,0,open
2025-01-01 10:18:51,0.257,0,closed
2025-01-01 10:18:52,0.23,0,squint
2025-01-01 10:18:53,0.289,0,squint
2025-01-01 10:18:54,0.211,0,open
2025-01-01 10:18:55,0.201,0,open
2025-01-01 10:18:56,0.17,1,open
2025-01-01 10:18:57,0.348,0,open
2025-01-01 10:18:58,0.262,0,open
2025-01-01 10:18:59,0.246,0,open
2025-01-01 10:19:00,0.171,0,open
2025-01-01 10:19:01,0.175,0,open
2025-01-01 10:19:02,0.17,0,squint
2025-01-01 10:19:03,0.277,0,open
2025-01-01 10:19:04,0.273,0,open
2025-01-01 10:19:05,0.212,0,open
2025-01-01 10:19:06,0.218,1,closed
2025-01-01 10:19:07,0.236,0,squint
2025-01-01 10:19:08,0.176,0,open
2025-01-01 10:19:09,0.204,0,open
2025-01-01 10:19:10,0.293,0,closed
2025-01-01 10:19:11,0.164,0,open
2025-01-01 10:19:12,0.327,0,closed
2025-01-01 10:19:13,0.21,0,closed
2025-01-01 10:19:14,0.271,0,open
2025-01-01 10:19:15,0.327,0,open
2025-01-01 10:19:16,0.266,0,closed
2025-01-01 10:19:17,0.34,0,open
2025-01-01 10:19:18,0.297,0,closed
2025-01-01 10:19:19,0.336,1,open
2025-01-01 10:19:20,0.219,0,closed
2025-01-01 10:19:21,0.252,0,closed
2025-01-01 10:19:22,0.203,0,open
2025-01-01 10:19:23,0.259,0,open
2025-01-01 10:19:24,0.348,0,open
2025-01-01 10:19:25,0.241,0,open
2025-01-01 10:19:26,0.167,0,open
2025-01-01 10:19:27,0.319,0,closed
2025-01-01 10:19:28,0.315,1,open
2025-01-01 10:19:29,0.34,0,open
2025-01-01 10:19:30,0.285,0,open
2025-01-01 10:19:31,0.253,0,open
2025-01-01 10:19:32,0.154,0,open
2025-01-01 10:19:33,0.253,1,open
2025-01-01 10:19:34,0.167,0,open
2025-01-01 10:19:35,0.339,1,open
2025-01-01 10:19:36,0.246,0,open
2025-01-01 10:19:37,0.197,0,open
2025-01-01 10:19:38,0.15,0,open
2025-01-01 10:19:39,0.172,1,open
2025-01-01 10:19:40,0.273,0,open
2025-01-01 10:19:41,0.289,0,open
2025-01-01 10:19:42,0.214,0,squint
2025-01-01 10:19:43,0.341,0,open
2025-01-01 10:19:44,0.193,1,open
2025-01-01 10:19:45,0.265,0,open
2025-01-01 10:19:46,0.24,0,open
2025-01-01 10:19:47,0.321,0,open
2025-01-01 10:19:48,0.215,0,open
2025-01-01 10:19:49,0.271,0,open
2025-01-01 10:19:50,0.246,0,open
2025-01-01 10:19:51,0.326,0,open
2025-01-01 10:19:52,0.335,0,closed
2025-01-01 10:19:53,0.282,0,open
2025-01-01 10:19:54,0.197,0,closed
2025-01-01 10:19:55,0.224,0,open
2025-01-01 10:19:56,0.32,1,open
2025-01-01 10:19:57,0.154,0,open
2025-01-01 10:19:58,0.296,0,closed
2025-01-01 10:19:59,0.218,0,open
